RunNum,Silhouette,PD_Min,PD_Max,PD_Avg
,0.2341246182603535,0.434532653711253,6.894672442668714,2.5230208327920782
