RunNum,Silhouette,PD_Min,PD_Max,PD_Avg
,0.2901250232540692,0.09375461033794566,1.1419250742784564,0.5034973055719146
